{"processed_files": ["1_periodic_245.71days_002.txt"], "afm_dict": [{"source": "1_periodic_245.71days", "period_1": {"period": 245.8128, "period_err": 2.5236, "start_time": 262.6315789473684, "end_time": 14707.36842105263, "duration": 14444.736842105262, "label": "WWZ method validation cycle successful\uff1a244.6661,LSP Method detected 1 cycles:[245.81280788177347]+-[2.5236340066710756],DCF Method detected 1 cycles:[1230]+-[50.55234392412672],Jurkecivh Method detected 1 cycles:[740]+-[10.0]"}}]}